"","Date","meanPortre1","max_y1","min_y1","min_51","max_951","IBEX1","Means1","meanPortre2","max_y2","min_y2","min_52","max_952","IBEX2","Means2","meanPortre3","max_y3","min_y3","min_53","max_953","IBEX3","Means3"
"1",2005-05-31,1,1,1,1,1,1,1,NA,NA,NA,NA,NA,NA,NA,NA,NA,NA,NA,NA,NA,NA
"2",2005-06-30,1.03348260250443,1.04088105784237,1.02257899232062,1.02483018707422,1.03903490467847,1.0339765863142,1.02255999056691,1,1,1,1,1,1,1,NA,NA,NA,NA,NA,NA,NA
"3",2005-07-31,1.04148462264975,1.04865857251372,1.0256483423963,1.0296783287505,1.04851578426193,1.02342858858019,1.02797786764551,1.01051507983539,1.01225023856257,1.00483704187078,1.00736796613417,1.01203938256122,0.989452002265995,1.00466508808863,1,1,1,1,1,1,1
"4",2005-08-31,1.09972874788943,1.10580312940003,1.09268695348205,1.09360817546028,1.10498390535672,1.1038569850527,1.08899517755,1.05571144929917,1.07167552454988,1.05269058061521,1.05269058061521,1.06369348692453,1.06988039873851,1.06739277652257,1.04310190512101,1.04621036239996,1.04131634555259,1.04141009897652,1.04621036239996,1.08042839647251,1.06113240500734
"5",2005-09-30,1.08980450251728,1.09555455061942,1.08367857250536,1.08368290470533,1.09538681223226,1.07425611095984,1.08478025952955,1.05365072371957,1.06631777897488,1.0505079623032,1.0505079623032,1.06044811557302,1.04027952464564,1.06317785850211,1.03949515487781,1.04332057915524,1.03431901296602,1.03468649767745,1.04309172118409,1.05082752237965,1.05645655162569
"6",2005-10-31,1.12048757049184,1.1396670515451,1.11286313716014,1.11305520703366,1.13222701987891,1.0803549566312,1.10732598533235,1.07365615858243,1.08650005727082,1.07046068628509,1.07063943481645,1.08055620488712,1.046378370317,1.08097538515697,1.06395138265028,1.07047599964466,1.05978727822449,1.06008077563446,1.0690604329551,1.05692636805101,1.07312841642035
"7",2005-11-30,1.14322372063742,1.1627564471896,1.13411149151984,1.13482137272965,1.15544423289288,1.09703464069147,1.13207826020534,1.09135466743682,1.10435980794088,1.08791887479279,1.08828125387986,1.0984918084371,1.06305805437728,1.10151878986734,1.08625567202163,1.09279716198149,1.07883547404414,1.08167466237611,1.09095267424887,1.07360605211128,1.099954903724
"8",2005-12-31,1.2226731169766,1.25398364811808,1.21300746693897,1.21493463999057,1.23971955959431,1.13154202334879,1.21814964703513,1.18059716439866,1.18724960369367,1.17652927378176,1.17658013215949,1.18466188996536,1.09756543703459,1.19116844655828,1.1727479337139,1.19952738800001,1.15873434268651,1.15884628534442,1.19809030669187,1.1081134347686,1.17207570220931
"9",2006-01-31,1.26019470997291,1.3064279904615,1.25087233515029,1.25102847843534,1.28469874818254,1.1888532517409,1.26671805438974,1.22150838592898,1.22857941067705,1.21233156650963,1.21427934958517,1.2272965357921,1.1548766654267,1.24267859541024,1.20660775016603,1.23177035157126,1.19407784942689,1.19427364019435,1.2283318405043,1.16542466316071,1.21084522154049
"10",2006-02-28,1.30130405698078,1.36921445260022,1.28801059247406,1.2888681056063,1.33575394169774,1.19852897132087,1.32877566969616,1.26948373376102,1.27498589669267,1.25806092549116,1.26079632040234,1.27441734224401,1.16455238500667,1.29633241263511,1.23795723947826,1.25525134304833,1.23012053385267,1.23091925506862,1.24998357693072,1.17510038274068,1.24420271685673
"11",2006-03-31,1.30495116653112,1.38439200672473,1.28812464050286,1.28927607282453,1.34477969398063,1.20175145039642,1.34352676391248,1.2594809625054,1.27515615272206,1.25361455356232,1.25483616556132,1.26812965717693,1.16777486408223,1.30870466847366,1.24024655867239,1.26471113864678,1.23189259471917,1.23259045538844,1.25823420271398,1.17832286181623,1.25730457028851
"12",2006-04-30,1.26057883195149,1.34231668975513,1.24189533485148,1.2438336243818,1.30144776085331,1.15533559637618,1.30265659763808,1.22939131849264,1.23315531723491,1.22537049238631,1.22570646853682,1.23246519340575,1.12135901006198,1.26412257476061,1.19001274880355,1.20446425412505,1.16017343652701,1.17180888894286,1.20124656000294,1.13190700779598,1.22469677727351
"13",2006-05-31,1.27145072019321,1.34727278825653,1.2531634712575,1.25510176078782,1.30936175422487,1.17364165200856,1.3087821532497,1.24219179810667,1.24664889144871,1.23644176927595,1.23751005569333,1.24627159841183,1.13966506569437,1.27239816938753,1.1981268222782,1.21662293954474,1.16146784114018,1.17552260006123,1.21618800722364,1.15021306342837,1.23082979489707
"14",2006-06-30,1.29197896753918,1.36385167777756,1.27408452474834,1.27593833084625,1.32809562952504,1.1970135204236,1.32559119112202,1.26192320658249,1.26644914939877,1.25396896316436,1.25618588758302,1.2661563397943,1.16303693410941,1.29006597718055,1.22081779811833,1.2457919863363,1.1862639921827,1.19945630949255,1.2390839827993,1.17358493184341,1.25377025367775
"15",2006-07-31,1.32908649019974,1.40906755811444,1.31081731466313,1.31247707653623,1.36907702415709,1.22465775317922,1.36877157669942,1.30170275104683,1.30645057712859,1.29629585310209,1.2964265083809,1.30607280509226,1.19068116686502,1.33416963880893,1.25919854335756,1.27550328283087,1.21296787285346,1.23418940213727,1.2727258086581,1.20122916459903,1.29464837674939
"16",2006-08-31,1.3714617185646,1.47477655465802,1.35000642506995,1.35176693472995,1.42311913661131,1.28970677152572,1.4293266717047,1.34325964224791,1.35463483269628,1.3314230535165,1.33167741921789,1.35152357530477,1.25573018521152,1.39020741233475,1.30647315453316,1.32893971559235,1.24538997813152,1.27317288005769,1.32743067629082,1.26627818294553,1.35220211843371
"17",2006-09-30,1.43096850713927,1.52016661487853,1.41139677025941,1.41315727991942,1.4755675610089,1.35297067551451,1.47873754696535,1.42878902621188,1.45092203908507,1.41509365126447,1.4156798013694,1.44202551797888,1.31899408920031,1.46869843920843,1.39233206238508,1.4260745401571,1.31346320204605,1.34226984189389,1.42403833067311,1.32954208693432,1.44056996921966
"18",2006-10-31,1.46032983650684,1.5464709153266,1.44181275390838,1.4435078275288,1.50340037591672,1.3599727769047,1.50516603936248,1.45387132477272,1.47838275322802,1.43991168142731,1.44049783153223,1.46816489013177,1.32599619059051,1.49572365658872,1.42026667344268,1.45551682218697,1.33840331310045,1.37330447391968,1.45210408349361,1.33654418832451,1.46812893895663
"19",2006-11-30,1.46769466027347,1.55552906438024,1.45013659745124,1.45163387238123,1.51161186232685,1.38143231033479,1.51236869044276,1.45895924644291,1.48529932242969,1.44608015390695,1.44612127798284,1.473857686072,1.3474557240206,1.50264022579039,1.42543725713976,1.46117213979776,1.3298349062105,1.37040970411142,1.45813384366768,1.3580037217546,1.47458573643879
"20",2006-12-31,1.51414196355909,1.5968853960568,1.49795744689544,1.49871154645461,1.55551367980795,1.41018151448023,1.55501114563388,1.50474514695511,1.52873011158291,1.49212773345903,1.49216885753492,1.51859687042465,1.37620492816603,1.54656997669367,1.4757555793224,1.50789472360372,1.40071911253888,1.43721274716315,1.50485642747364,1.38675292590004,1.51995557917542
"21",2007-01-31,1.51884336943007,1.59757228018905,1.50080156045531,1.50238326899585,1.55820782480956,1.38923765969973,1.55651927064629,1.50499675833004,1.53024328762553,1.49283710790921,1.49300881192257,1.5190343121717,1.35526107338553,1.54821427025529,1.47808909827298,1.50903167787237,1.40526667819848,1.44041974444663,1.50599338174229,1.36580907111953,1.5180514914323
"22",2007-02-28,1.54391864766975,1.61262281725638,1.52728117574205,1.52839309876975,1.57888371346553,1.41684077290875,1.57775739496885,1.53119379414661,1.54859274555152,1.52092789383973,1.52135851567162,1.54151062133858,1.38286418659456,1.56856993137833,1.49886354347485,1.52863419391581,1.42435867203464,1.46089160315347,1.52559589778573,1.39341218432856,1.54116346735072
"23",2007-03-31,1.5330025858395,1.61113807558524,1.51709766789243,1.51719640113585,1.57207033071237,1.39859829767717,1.57082853985931,1.51116782437988,1.53916886756685,1.49872718260099,1.50077585557896,1.52620204837803,1.36462171136297,1.56008404897356,1.47958369676778,1.5140784898892,1.39207292668281,1.42822490004109,1.51039222032604,1.37516970909698,1.53469038121558
"24",2007-04-30,1.54914786292464,1.6309675492133,1.53189423489776,1.53219241393904,1.59005770606897,1.46502107143253,1.59205959373526,1.53518996620219,1.56281241420567,1.52212002204362,1.52363839251108,1.55005022990077,1.43104448511833,1.58608893618633,1.50420703645072,1.5412195619953,1.40823355608076,1.44548383351631,1.53609835436179,1.44159248285233,1.56417509107058
"25",2007-05-31,1.52915592018129,1.62318082561358,1.50976804952307,1.51067146992754,1.57616837289744,1.43648767490357,1.5826734649385,1.51430761661068,1.55375178525468,1.5002112012066,1.50172957167405,1.53446294222472,1.40251108858937,1.57484998947327,1.48128388139376,1.52052840508978,1.37742162649013,1.41500136053642,1.51540719745627,1.41305908632338,1.54716656224864
"26",2007-06-30,1.52268483403422,1.61725639455717,1.50278523114815,1.5042968943554,1.56997061429569,1.43047104197923,1.57927588019575,1.50505225669403,1.54627821617717,1.49121052664266,1.49209635183724,1.52595558068726,1.39649445566503,1.57184821882338,1.47163547997521,1.51253235243561,1.36057499687958,1.39963248790366,1.50617915539589,1.40704245339904,1.54353898658746
"27",2007-07-31,1.51237603448857,1.59990168935796,1.49210379119532,1.49428923243511,1.55613886192327,1.40867721822972,1.56663689154587,1.49584362335578,1.53559553283546,1.4817326827101,1.48282289872089,1.51618579614336,1.37470063191552,1.5602988375842,1.46381766722862,1.50703995528405,1.34696819123896,1.38868205491618,1.50004277504437,1.38524862964953,1.5312790654782
"28",2007-08-31,1.49612481401501,1.57960064672246,1.47405970727166,1.47877880204543,1.53798399215186,1.41535550760135,1.54336847355292,1.47906704260929,1.54759174479431,1.46047619821478,1.46062173441467,1.5133293937018,1.38137892128716,1.54808210870422,1.45213390287291,1.5004284019161,1.31145900250634,1.35528160893499,1.494264042407,1.39192691902116,1.52052863085714
"29",2007-09-30,1.61089099338917,1.73596368865685,1.58264495481208,1.58851992947733,1.67342734102301,1.50550062775521,1.59222739825833,1.59409609008614,1.66841460695612,1.57463770548513,1.57522324190156,1.63125534852113,1.47152404144101,1.60902514693784,1.60088049908962,1.64970073397322,1.40142266121791,1.45711354940255,1.64766024079496,1.48207203917502,1.57451919493057
"30",2007-10-31,1.5806803977235,1.7076801230104,1.55663814347466,1.56009518497387,1.64418026036695,1.49728189720597,1.56070900641835,1.56001726665004,1.63134892608216,1.54065770029844,1.54124323671488,1.5956830963661,1.46330531089177,1.57501915773742,1.56784121723884,1.61824293196023,1.35771589002361,1.4148549496465,1.61620243878197,1.47385330862578,1.5378613697275
"31",2007-11-30,1.51658515324748,1.65123325842784,1.49403718976439,1.4956083879627,1.58390920583766,1.46063184585551,1.5037659867476,1.50916864929557,1.57773642356122,1.49098386258722,1.49106014107696,1.54345253642839,1.42665525954131,1.51880573162274,1.50163440420138,1.55535744092356,1.27532861237615,1.33733711926881,1.5533169477453,1.43720325727532,1.47744724800229
"32",2007-12-31,1.39625960631319,1.5196991780137,1.37236475430848,1.37288386249151,1.45797939216345,1.33197545736715,1.36129656518116,1.38219466894031,1.43853398363446,1.37035216244319,1.37053802901045,1.41169130940032,1.29799887105296,1.38213578486826,1.38707306479231,1.43477066046954,1.18635640845313,1.24589234183897,1.43273016729128,1.30854686878696,1.35021166394645
"33",2008-01-31,1.40385756985523,1.49288491391098,1.38713453604753,1.38814736519387,1.4483712418831,1.32754582021117,1.34897009694554,1.41549806043985,1.47414552519404,1.40360377664563,1.40396949948339,1.44612288728133,1.29356923389698,1.35457210051209,1.32927697110281,1.35702628814832,1.21448574138366,1.26788936267635,1.35498579497006,1.30411723163098,1.32199177409791
"34",2008-02-29,1.40752591018241,1.49794373456031,1.39198351393904,1.39208721551112,1.45273482237136,1.33503228294614,1.35264426324001,1.41674658708746,1.46971162550217,1.40569859666501,1.40606431950277,1.44495334744509,1.30105569663194,1.21296727145242,1.37909502230481,1.41731556671463,1.23236889168758,1.28443188563325,1.41538366046841,1.31160369436595,1.18021261582134
"35",2008-03-31,1.42298135325115,1.50633879125209,1.40815813249377,1.40826183406585,1.46466007225162,1.37492227842873,1.36881888179474,1.43217203398727,1.47798995611849,1.42191816759633,1.42228389043409,1.45720229821891,1.34094569211454,1.22886117169003,1.37885270640485,1.41093061597227,1.22677352616937,1.2808113234631,1.40940724146573,1.35149368984854,1.14427046611168
"36",2008-04-30,1.40979966677696,1.49254402241123,1.39493757584434,1.39529024999638,1.45117184459409,1.36061619634271,1.35507374407601,1.41767872891224,1.46374179812331,1.40713352290245,1.40809347311265,1.44268589687438,1.32663961002851,1.21474040067171,1.36407869137059,1.39632803221907,1.21147412448642,1.26743104425438,1.39480465771253,1.33718760776251,1.1304591430109
"37",2008-05-31,1.34490199328575,1.43562395531609,1.32868233534119,1.32974923901124,1.39026297430092,1.24630760203288,1.28794899767702,1.35549024678671,1.40117938349834,1.34498658883242,1.34594653904261,1.38033122252688,1.21233101571868,1.14956447890309,1.30009127928368,1.33540887306438,1.13431300254863,1.19242461675029,1.33381553832629,1.22287901345269,1.06445469851897
"38",2008-06-30,1.28328282531215,1.37622426781568,1.26706865674401,1.2672746470331,1.32976989962519,1.23261859235601,1.21004112619259,1.29077076505628,1.33261880657193,1.28107860890264,1.28216742555399,1.31409694409879,1.19864200604182,1.07600183528114,1.23808549334509,1.27176825756135,1.08239956909826,1.14245824392262,1.26972132680262,1.20919000377582,0.981977815451942
"39",2008-07-31,1.2974158561471,1.42598440819877,1.27441377065044,1.27504061851288,1.36170013217294,1.21797371557654,1.24936820166777,1.30803294924558,1.36983458956976,1.29490469564898,1.29559137156162,1.34027709255438,1.18399712926234,1.12108965353694,1.2453222468571,1.27860139565558,1.09005012693283,1.1506879652256,1.27747113803301,1.19454512699635,1.00252538910047
"40",2008-08-31,1.1875833229711,1.35639640701258,1.15570263407798,1.15667783956457,1.27198986499184,1.15649074677614,0.95139352570394,1.20618184803706,1.26394678174558,1.18093587797438,1.18144196191616,1.23992556628809,1.12251416046194,0.777429275267502,1.10176271886879,1.13767228943016,0.98238030940669,1.03478562410566,1.13591550463228,1.13306215819595,0.73710014202435
"41",2008-09-30,0.924265426804842,1.18482898923776,0.859541282761208,0.86051648824779,1.08147238201203,0.986160837643868,0.781469280450909,0.938648391547584,0.982695387622753,0.915621686623283,0.916640017820808,0.966122777613731,0.952184251329671,0.62380015513441,0.9823084078483,1.02069144396152,0.822904151944136,0.880799262668719,1.02069107773012,0.962732249063676,0.57661142913008
"42",2008-10-31,0.949415243335703,1.20395632395687,0.884483274977699,0.886453521193587,1.10362530416496,0.963628960871262,0.807240643944663,0.970576606193737,0.993110672041528,0.95066143680021,0.950967916145729,0.988529994476628,0.929652374557065,0.615614137171937,1.00529842364591,1.04001440372655,0.8707433290444,0.932528888937808,1.03982743168677,0.94020037229107,0.545012618402224
"43",2008-11-30,0.95124704685172,1.15578872080391,0.898551060160434,0.899441412216935,1.08755691403724,0.995635729502121,0.782666762172703,0.959335257945528,0.976922472904248,0.931248985103284,0.931555464448802,0.974565976518353,0.961659143187924,0.58829064786059,1.00483918538767,1.08168739908796,0.953374503610845,0.964135980501783,1.05154717363108,0.972207140921929,0.628040825996028
"44",2008-12-31,0.91637876830328,1.12624570955556,0.852291991454908,0.855464704974414,1.05219440382577,0.914577067404178,0.721414372150897,0.95812796041487,0.97481207215962,0.930632334824582,0.930820170873774,0.973052651425787,0.880600481089981,0.499778902661014,0.942501482037355,1.00195627874584,0.872684187413492,0.900623499512657,0.986195580760928,0.891148478823986,0.54708501952957
"45",2009-01-31,0.849998351494788,1.06296653035737,0.786442520579418,0.787957734097883,0.98464683424672,0.816415993831519,0.661608732907746,0.891061049056645,0.908106475830988,0.862705853480739,0.862891914231275,0.906347055097155,0.782439407517323,0.430547409757067,0.880814526434015,0.930984346693872,0.803031973729083,0.835325049096587,0.921462536957337,0.792987405251328,0.479293657656167
"46",2009-02-28,0.832313997718575,1.05257712176051,0.763717131682319,0.771787125738425,0.974919087896139,0.841885465826133,0.655774368065498,0.880523011984853,0.89733453173715,0.853552818526357,0.85359289423489,0.895575111003316,0.807908879511936,0.407982332340847,0.865095979180266,0.902660358713839,0.79158366340974,0.822440273971795,0.899828156495258,0.818456877245942,0.44767282537806
"47",2009-03-31,0.876691880533467,1.06486343450494,0.811810106119094,0.819712635993435,1.00802496093012,0.99837941925499,0.707280792238398,0.915280739335571,0.932080252360996,0.887618218773542,0.887732141112828,0.930488295808926,0.964402832940793,0.44479240501194,0.910912920526819,0.947429558049254,0.836239136126793,0.86790586838658,0.943249309763503,0.974950830674798,0.482296899038399
"48",2009-04-30,0.948397861800673,1.13579021065022,0.884614577060253,0.891846653851649,1.07970933722986,1.04112108818442,0.779322360412668,0.980732930554308,0.996891752154314,0.952605700436744,0.95271962277603,0.995587443004781,1.00714450187022,0.518881362548782,0.98582631371074,1.02186054052207,0.904192452264153,0.939901259161317,1.02036267176531,1.01769249960423,0.565356028820018
"49",2009-05-31,0.976027715832472,1.16130506139821,0.911185921777303,0.919040307090736,1.10662213221367,1.07969163286135,0.803426257719658,1.04599618314948,1.06215577719315,1.01786972547558,1.01798364781487,1.06064313505824,1.04571504654715,0.581689330003928,1.05185138662395,1.08945351671748,0.965986220514665,1.00427595481029,1.08565187502946,1.05626304428116,0.629525696883715
"50",2009-06-30,1.00263919288903,1.18812271866516,0.937640227982813,0.945494613296245,1.1336878418527,1.18873553591459,0.826988737462913,1.08059622301784,1.09591688453656,1.05205697285518,1.05217089519446,1.09567122414582,1.15475894960039,0.608282705879857,1.08840808427281,1.12962607952866,0.998392835732555,1.03863247098991,1.12110873101023,1.1653069473344,0.656208891655985
"51",2009-07-31,1.06897309409608,1.24298388257966,1.0036249247439,1.01113999279371,1.19618057484331,1.23571801847898,0.884794132711792,1.14926881466613,1.16494425141869,1.12108433973731,1.12119826207659,1.1640036130026,1.20174143216478,0.676354460838368,1.1539974349571,1.19589913476711,1.07078170821794,1.10689431852752,1.18912092037141,1.21228942989878,0.726802591594473
"52",2009-08-31,1.0788368980341,1.25167612485927,1.01279046910578,1.02030553715559,1.20576462346288,1.27012162395593,0.893512417650384,1.17313409611933,1.19445693555215,1.13774737438084,1.13813676577039,1.19107343954541,1.23614503764174,0.685402040651945,1.17011471641276,1.21298707603411,1.08488816792554,1.12189486527415,1.20490296414328,1.24669303537574,0.742568024128412
"53",2009-09-30,1.02214367406605,1.1989833659384,0.95225696685815,0.962076805524337,1.14812302664732,1.24108987395008,0.846284058782188,1.1190133959084,1.14288192556825,1.08581410960801,1.0864835018947,1.13756174044157,1.20711328763588,0.637698032024244,1.12168421802833,1.16773389067964,1.03380173781684,1.07271823142985,1.154704627149,1.21766128536989,0.694173178610105
"54",2009-10-31,1.04281812672656,1.22101008250891,0.973450348421396,0.983270187087582,1.16872930504176,1.26123044851827,0.867488251265185,1.13939837887379,1.16326690853364,1.10619909257339,1.10686848486009,1.15794672340696,1.22725386220408,0.659221160293119,1.14246126174362,1.18691088074954,1.05467015509387,1.09358664870687,1.17542520689458,1.23780185993808,0.716225637859308
"55",2009-11-30,1.06878350210164,1.23981321551938,1.00021152850366,1.01003136716985,1.19151146158813,1.28658963311835,0.894249431347453,1.15584903800158,1.18014767587663,1.12200458937837,1.12267398166507,1.17482749074995,1.25261304680415,0.673725669199437,1.15946003058237,1.20543262075571,1.07190963452667,1.11039768128532,1.19344104828333,1.26316104453816,0.732756935308773
"56",2009-12-31,1.06833181679825,1.23412368863528,1.00054405394551,1.0103638926117,1.18851340607225,1.20348244701807,0.894717151914789,1.1570751802739,1.18209822917476,1.12336801181289,1.12403740409959,1.17648447861627,1.16950586070387,0.673358291536276,1.16833239856792,1.21435274084325,1.0805897214844,1.1191995541045,1.20211002278512,1.18005385843788,0.740986097666478
"57",2010-01-31,1.03472606998375,1.20531622123732,0.966089527171055,0.975909365837242,1.15688240898604,1.14738836537948,0.863635942407648,1.124514510316,1.15203888330672,1.09080948433692,1.09108110406882,1.14505935241826,1.11341177906528,0.641722420151738,1.13463452448936,1.17978124642999,1.05366406466056,1.08845097848595,1.16808371125065,1.12395977679929,0.706414603253218
"58",2010-02-28,1.05555591609963,1.22349061802964,0.989309646712321,0.997625569199919,1.17790840136282,1.19942258139323,0.879166061604193,1.14125013767213,1.1721899175395,1.10749189524772,1.10776351497962,1.16328438123557,1.16544599507903,0.656040248899446,1.16008634214827,1.20507187163033,1.08295804518699,1.11549581453984,1.19559555453766,1.17599399281304,0.724856484351073
"59",2010-03-31,1.03192521510438,1.20454640367629,0.965359929659904,0.974117925276668,1.15566182817221,1.16455094775388,0.856939054425601,1.12022584204436,1.15122804624666,1.08542951784092,1.08570113757283,1.1426571514288,1.13057436143968,0.632966637313219,1.14140373065939,1.18381710759298,1.06659553198322,1.09849227270864,1.17699753685401,1.14112235917369,0.708243679786258
"60",2010-04-30,0.958393839503851,1.14411559673265,0.885587195209083,0.895958645043698,1.08714683758761,1.05658503337672,0.786784556588483,1.04910058319892,1.08344581613208,1.01383184850195,1.01395880437851,1.07330078918353,1.02260844706252,0.553951290321841,1.07081752379309,1.11328287157184,0.986502088720129,1.02562547581515,1.1017016510417,1.03315644479653,0.632603572490567
"61",2010-05-31,0.971985136660083,1.15926684481904,0.897696654088733,0.908842838255436,1.10012106993901,1.04632795534179,0.799280027735813,1.06332569089405,1.09951787301487,1.02565014213777,1.02674584869989,1.08880647472247,1.0123513690276,0.564634698440722,1.073121237068,1.11950691431905,0.987541663791482,1.02681812045661,1.10523550450937,1.0228993667616,0.636612652840445
"62",2010-06-30,0.941442271160638,1.14511713937478,0.865886032941404,0.873882581198687,1.0875614394731,1.17979943328673,0.778305060506894,1.03847997055121,1.08346266593965,0.995759170717727,0.997505357776301,1.06875929741219,1.14582284697253,0.555775821108385,1.08579585341526,1.14482769207022,0.993467326947714,1.03567996801482,1.12589146761423,1.15637084470653,0.648173609103334
"63",2010-07-31,0.963917899436254,1.16011853901456,0.888635363725627,0.897299367584411,1.10658765651467,1.1500083772164,0.815171377577021,1.05317594817453,1.07515458042627,1.01653681046532,1.01703125940634,1.07264257766481,1.11603179090221,0.582863107160453,1.10799649979805,1.17139676331705,1.00986037888662,1.04699152799065,1.15296127891378,1.12657978863621,0.66841024305174
"64",2010-08-31,0.989259289791775,1.18234715437608,0.914690037116807,0.922894398084378,1.13072930089102,1.18215722823721,0.841046729794087,1.06373404204849,1.08817826757983,1.02839758225128,1.02891544928047,1.08410915413811,1.14818064192302,0.601780888688912,1.13989778927609,1.20381753333271,1.04431938736765,1.07834199515114,1.1866720182117,1.15872863965702,0.701871509193801
"65",2010-09-30,1.02170602008907,1.20552894015292,0.94775302114835,0.956272343113544,1.15916664679283,1.21053715077157,0.876871991879566,1.09328543785137,1.12062345609288,1.05738048382828,1.05956621645479,1.11439593741547,1.17656056445737,0.636431624106586,1.14952929546537,1.20616527917274,1.04798403892622,1.09476043914465,1.18847950147494,1.18710856219137,0.728337852980406
"66",2010-10-31,0.929297733604308,1.13287139487732,0.852783768610439,0.862036369712168,1.07255795832047,1.06758746118758,0.791106728949347,1.00459721771875,1.03882502323127,0.96674595711919,0.967473175364302,1.03026861995771,1.03361087487339,0.546842722811643,1.06422294075258,1.1200258383565,0.961104537852709,1.0083228699194,1.10305230601748,1.04415887260739,0.649065635981298
"67",2010-11-30,0.998626233501107,1.19323737467801,0.923902656268831,0.932100255675229,1.13843128663026,1.13145788864382,0.856456702094152,1.07124709820043,1.10465489093917,1.03205528921435,1.03424107582643,1.09718395194989,1.09748130232962,0.613971771924751,1.13228466012715,1.191535886662,1.02970574085755,1.07593763319307,1.17668217008092,1.10802930006363,0.712083440395925
"68",2010-12-31,1.02623035781679,1.21782131980517,0.950661640001421,0.958342913096291,1.16537303887626,1.22750117753451,0.880484948119344,1.08911031840341,1.11930055174189,1.05213911450166,1.05509788335446,1.11259683143964,1.19352459122031,0.63848627015816,1.12559767129708,1.17798110584294,1.02374616302046,1.06934206042037,1.16673470177713,1.20407258895431,0.704851872687623
"69",2011-01-31,1.1068635148915,1.29140320756865,1.03429928015723,1.03739428755815,1.25194480099105,1.23164700848239,0.923565087881504,1.15723195463052,1.1951861637737,1.09741425756945,1.10299613044844,1.18921056177948,1.19767042216819,0.678441322171875,1.18187764965311,1.23550364151709,1.07706869544406,1.1223416955505,1.23449457418892,1.20821841990219,0.758152974920367
"70",2011-02-28,1.13180186713518,1.3286505319843,1.05163727364582,1.05866506483304,1.28493002524781,1.20636775891744,0.951174665977542,1.18304126694039,1.22215818575121,1.12307356849662,1.12814787593918,1.21583359631575,1.17239117260325,0.706276202283387,1.21063449348441,1.26631489740397,1.10682156622552,1.15086859349677,1.26497839251895,1.18293917033725,0.784162239582619
"71",2011-03-31,1.11987541701773,1.32676501154417,1.03267720257107,1.04317915690888,1.28334833242572,1.23495951401251,0.949826144306464,1.17963129323945,1.22064746611825,1.11895621150142,1.12250400674042,1.2138711815605,1.20098292769831,0.703380814888612,1.21534776458289,1.27700022433217,1.11165365169708,1.15483142036558,1.2681613952132,1.21153092543232,0.788281396427711
"72",2011-04-30,1.08650604204019,1.3019190296502,0.999298698183726,1.00991757166398,1.25314884228299,1.19792444851914,0.918736618273021,1.15263608635886,1.19117469271138,1.09465490701612,1.09817578017958,1.18543432269698,1.16394786220495,0.67396188563282,1.19485778256026,1.24967504843108,1.09242506720842,1.135508936839,1.24609499302303,1.17449585993895,0.766063792558906
"73",2011-05-31,1.06769972756994,1.27663807866318,0.981609286423348,0.992336646553855,1.23134610678377,1.1868420002159,0.895588305957139,1.12624807918693,1.16329416728633,1.070583834126,1.07406179550135,1.15826963309914,1.15286541390171,0.65165820885162,1.15477960793057,1.21597439171475,1.05323518583816,1.09502985453815,1.2088889658409,1.16341341163571,0.721734468675163
"74",2011-06-30,1.03424706283261,1.24627062627658,0.946429938044702,0.958093444074655,1.19968816943716,1.11645522550156,0.862787717183099,1.0929150608178,1.12931865171072,1.03770435798811,1.04151454768393,1.12448673400864,1.08247863918737,0.617990681869778,1.12086510082598,1.18257547118106,1.0213388393649,1.06313350806489,1.16724403793036,1.09302663692137,0.693461905497711
"75",2011-07-31,0.98434409378249,1.19698387382305,0.898423330314821,0.907253714207682,1.15267922288918,1.02174762213355,0.791787702033483,1.04184471468738,1.083923349248,0.98709340150111,0.98954150003515,1.07648231375474,0.98777103581935,0.552137626490832,1.07021705974923,1.12717852386683,0.973191388431408,1.01401097129621,1.11370155131729,0.998319033553355,0.637220611101734
"76",2011-08-31,0.952613756297928,1.16314729449369,0.866268401359917,0.876449815533777,1.11842143283753,1.00201966339057,0.7625080013321,1.00723042865682,1.04730688019581,0.953103898144095,0.956056411169973,1.0412342274201,0.968043077076375,0.510628445866889,1.03835310168142,1.09991863616667,0.939207877374084,0.98110507635339,1.08397292503616,0.978591074810381,0.59695436746726
"77",2011-09-30,0.935121235892249,1.13414695336642,0.854080098681609,0.860581405933229,1.10144982708536,1.04979318968127,0.700319834978138,0.969017979323875,0.997562393542256,0.919140720922843,0.924543186887773,0.996301915923209,1.01581660336707,0.444044744087916,1.05591863914042,1.11139077831417,0.964225866058613,1.00152600183583,1.10067562306249,1.02636460110107,0.573943024777055
"78",2011-10-31,0.919375163046589,1.11836385745108,0.838385143314661,0.845742123928284,1.08278978844346,0.993354718607332,0.701861705155927,0.936646153151315,0.958319014223435,0.901091321497759,0.90634492138076,0.956107186338041,0.959378132293135,0.448680917455981,1.04679679740149,1.10851885780994,0.955113905368673,0.993380175259147,1.09172266840421,0.96992613002714,0.571946166094849
"79",2011-11-30,0.926277897441209,1.12348180861684,0.844534304715552,0.852259870070817,1.08935879806465,1.00717801302491,0.711761316357215,0.957311128570208,0.976588584404165,0.919696929042001,0.924241515216753,0.976323811404059,0.97320142671071,0.451696791359887,1.0705293767796,1.14157160349289,0.977529042983675,1.01597888697399,1.12578784589311,0.983749424444715,0.611434829667807
"80",2011-12-31,0.942012869040888,1.12931978600537,0.86186613993781,0.8686639025635,1.10199679994503,1.00051239668397,0.735039633088691,0.980635537418266,0.999871943352509,0.942980287990345,0.947524874165097,0.999832540925136,0.96653581036977,0.474980150308231,1.08774249032651,1.17240647609489,0.984052820212415,1.02654258665174,1.16024371613283,0.977083808103775,0.615847955157617
"81",2012-01-31,0.929917403783067,1.11953649435183,0.849713511626912,0.856283999862739,1.09102883996282,0.995423804522824,0.722329196353407,0.978342752247267,0.996179074534209,0.940092535282569,0.94463712145732,0.996139672106836,0.961447218208628,0.473435392898912,1.08349010420744,1.17190038591674,0.972766271587361,1.01938681248561,1.15868532244605,0.971995215942633,0.617010775401454
"82",2012-02-29,0.899810868353169,1.10070704974634,0.817935551372872,0.825270745441553,1.06470539431205,0.941336187542324,0.691398628323203,0.951874784206764,0.968890778829687,0.913748604747426,0.918293190922178,0.968634389545904,0.907359601228127,0.448216067306982,1.05568535422672,1.14429091144254,0.942866923563298,0.991215619479658,1.1322791842309,0.917907598962132,0.593374538285856
"83",2012-03-31,0.835319992590269,1.04787921263207,0.750959574475435,0.759931200557454,1.00480348730619,0.816835680937807,0.634395612966402,0.890715650492933,0.907307943663208,0.852165769580947,0.856710355755699,0.907051554379425,0.78285909462361,0.392549310035816,0.993924390316679,1.08734023671265,0.874097866964838,0.926108997392542,1.0747927946332,0.793407092357615,0.53806876685381
"84",2012-04-30,0.759551202930248,0.975686905490729,0.675761236503931,0.685292222988078,0.928047781630197,0.685442130644681,0.564187327755955,0.809415817916038,0.82652128531389,0.770590291041132,0.774675386306704,0.826363739528814,0.651465544330484,0.325136258606662,0.928855356894492,1.029064927546,0.806829260773731,0.853585147604924,1.01684357237568,0.662013542064489,0.470920785018551
"85",2012-05-31,0.758809446327792,0.970888853418443,0.677581898047438,0.685782048109335,0.924256123019576,0.851687409931385,0.55715060555993,0.805977558221019,0.826180521813718,0.767441921043966,0.769888106692834,0.825099899266595,0.817710823617188,0.322178283650605,0.957033232478993,1.05472623441507,0.841410350134094,0.886009151539134,1.04298574412665,0.828258821351193,0.48477520740297
"86",2012-06-30,0.756475801218205,0.970930627316943,0.675486146222419,0.684415781383091,0.921672829095361,0.80042160851153,0.548689371047402,0.807121953524871,0.829020420406975,0.764253044347972,0.765327753425525,0.828936404375162,0.766445022197333,0.311829248506554,0.968171089103165,1.0723127749133,0.85325694362376,0.892724074408441,1.06138643603323,0.776993019931338,0.480377480279787
"87",2012-07-31,0.760831131765642,0.97254732349443,0.676386510282387,0.685967573018941,0.931917250618777,0.9016964629187,0.546324966563539,0.805718587300951,0.825672325740705,0.764401593662794,0.765721564693321,0.825530118035454,0.867719876604503,0.314219681207927,0.964787378006865,1.0621874005693,0.849551704503105,0.894529770057839,1.05047719969491,0.878267874338508,0.480099623116039
"88",2012-08-31,0.804840768551546,1.02554876010187,0.719426204024487,0.72837075774141,0.980626243119321,0.940507836273829,0.58594411540089,0.841167341799586,0.859595321469535,0.799887256445093,0.80216750437731,0.859514685915881,0.906531249959633,0.34843122140537,0.997438369366109,1.09535903030907,0.88531143194002,0.931764559038083,1.08673376948979,0.917079247693638,0.515626825420348
"89",2012-09-30,0.806632829234107,1.02968762914392,0.720252635904278,0.730720233854159,0.979988725799388,0.957943139971963,0.60478041242916,0.850889196589075,0.870038039013543,0.80919311066155,0.810840352333343,0.86995740345989,0.923966553657766,0.354951792750335,1.01237003222716,1.11542115546788,0.900949676183642,0.944346338908012,1.10752270557569,0.934514551391771,0.521870646203836
"90",2012-10-31,0.782284903972933,1.00576559005548,0.695642702132599,0.706392184350237,0.955326088397315,0.969635280353602,0.586060799927646,0.838353199457769,0.85808135627807,0.796271897833591,0.797827919127378,0.857689656935045,0.935658694039405,0.34039355196498,0.993131780752506,1.09665145703626,0.882307302076243,0.927800530025817,1.08945822714823,0.94620669177341,0.508239397369258
"91",2012-11-30,0.810211340879814,1.0346950684492,0.723362746643937,0.73502544910121,0.982273351784786,0.998987691377694,0.61349874093754,0.878879513832754,0.900269809597455,0.83602133803463,0.83752974024213,0.899632593031147,0.965011105063497,0.379091076374229,1.03807825473319,1.14063395623535,0.925808894026712,0.972090729363295,1.13176315006033,0.975559102797502,0.551132328726151
"92",2012-12-31,0.88026764016966,1.10813979041751,0.789628408187395,0.805243909115078,1.04428922334894,1.02283825940764,0.718266961298965,0.927514283704769,0.949840556409829,0.884087879699383,0.884889158733361,0.949155261514633,0.988861673093445,0.438304527580067,1.09115156693855,1.1930871133169,0.975433558414173,1.02435011132414,1.18341612623918,0.99940967082745,0.618805383385316
"93",2013-01-31,0.884330003203218,1.11463546556333,0.793194374669766,0.808832574706658,1.04955540961656,1.00705311156319,0.722887356485289,0.944662994528267,0.966842242650944,0.901301514705746,0.902132911379365,0.966521443902805,0.97307652524899,0.457237890812305,1.10852254410536,1.21039161772785,0.992831520032487,1.04175789517832,1.20072063065013,0.983624522982995,0.638250965799727
"94",2013-02-28,0.876626897679167,1.10644435759544,0.78581305482681,0.801461038696292,1.04086434692655,0.969351063417391,0.714187900447466,0.933260463864306,0.955514805139675,0.88976392642572,0.890595323099339,0.95513376678121,0.935374477103195,0.447498717555965,1.10431380595453,1.20631589073201,0.989684598845659,1.03792434808467,1.19633270230184,0.9459224748372,0.633509788578348
"95",2013-03-31,0.897010118983284,1.12376650265527,0.806979970890414,0.822143541151714,1.06032186736095,1.0323560527689,0.732598536137441,0.968380868088212,0.990733017372416,0.925101321634075,0.925932718307694,0.99004772247722,0.998379466454707,0.480970982410254,1.1442439643979,1.24613357493399,1.03048325203879,1.07823251678223,1.23590259028005,1.00892746418871,0.673206871427976
"96",2013-04-30,0.945773027680632,1.16810830303062,0.856722872207418,0.870888489768018,1.10853569548454,1.02066814525605,0.77482347694598,1.00736811956915,1.02981895519684,0.964187259458494,0.965018656132114,1.02913366030164,0.986691558941849,0.515395293165199,1.19311792222263,1.29513590732303,1.07875779391985,1.12687095391728,1.28490492266908,0.997239556675855,0.717271646462838
"97",2013-05-31,0.972041385644516,1.19456901394191,0.883183583118707,0.897462836310372,1.13513069559226,0.953617805977489,0.800753421903189,1.02159263055098,1.04369828047116,0.978457920599157,0.979289317272776,1.04328894604521,0.919641219663292,0.52868778120194,1.20607134332518,1.30743815737785,1.09190678122949,1.14001994122692,1.29768795054103,0.930189217397298,0.730791405761709
"98",2013-06-30,0.986818964218724,1.20904755238048,0.897861922250788,0.912612401239719,1.14915421462725,1.04001814051026,0.817641477447957,1.02743246272874,1.04956694655198,0.984326586679979,0.985157983353598,1.04915761212603,1.00604155419606,0.534736108574773,1.21251254894007,1.31534336380072,1.09871587550397,1.14644110460423,1.30546950893533,1.01658955193007,0.738118707367645
"99",2013-07-31,1.0564830522874,1.27810939284449,0.967118777709772,0.982003224063858,1.21880351515811,1.02307354723435,0.885320558831413,1.10388555716793,1.1260732452834,1.0610544760076,1.06188587268122,1.12556640335996,0.989096960920149,0.612170503724152,1.29050938676394,1.39358400186381,1.17653990797588,1.22426513707614,1.38343813346271,0.999644958654154,0.8159683977662
"100",2013-08-31,1.08472066947069,1.30567813258681,0.995207827451569,1.0099602909314,1.24626606372425,1.13110075696481,0.916020630304152,1.14391423412535,1.16630516203102,1.1005482305725,1.10183552015188,1.16588513192198,1.09712417065061,0.652512288021557,1.33082175907656,1.43362426213471,1.21658016824679,1.26421858553265,1.4243888319213,1.10767216838462,0.857739711991012
"101",2013-09-30,1.08114057675897,1.29986137173988,0.992587264030143,1.00666182795402,1.24206007988155,1.20967616756142,0.910067418868506,1.14574516759809,1.16817325337285,1.10241632191432,1.1036715605217,1.1677532232638,1.17569958124722,0.654230919151147,1.33173894168836,1.43489731678605,1.21717785714606,1.26474634341642,1.42588135277607,1.18624757898123,0.859394241176612
"102",2013-10-31,1.10318931287702,1.32077319013489,1.01453558093959,1.02863278081839,1.26323404688059,1.20258073383987,0.932443108543114,1.16868920694385,1.19136785351159,1.1246825292021,1.12607755312101,1.19094782340255,1.16860414752568,0.677224557094474,1.35637628800099,1.45807629055269,1.24111986360622,1.28868834987658,1.44973642225486,1.17915214525968,0.8830566770137
"103",2013-11-30,1.15849118228331,1.37583185215611,1.07107638565379,1.08528197792701,1.31479630685695,1.21062138070499,0.991127641109532,1.2286455073665,1.2519436379502,1.18397407641492,1.18536910033383,1.25152360784116,1.1766447943908,0.737354192342904,1.41565900318366,1.51858866313566,1.30016921286386,1.34781462087373,1.51051959266945,1.1871927921248,0.941824099577762
"104",2013-12-31,1.15382065783874,1.37036839992291,1.06698380083933,1.08081101612545,1.30975079794335,1.21097432103572,0.98569119937534,1.22828256050413,1.25152516590286,1.18355560436758,1.18495062828649,1.25110513579382,1.17699773472153,0.736111336920718,1.41599791799822,1.51734580771348,1.3003773534763,1.34821672820635,1.50927673724727,1.18754573245553,0.940879259662012
"105",2014-01-31,1.13849240382359,1.35463136734712,1.05109217347371,1.0654031041856,1.29344238353416,1.23053039723961,0.97307421587625,1.21487201476454,1.23815656804189,1.1699039887259,1.17129901264482,1.23773653793285,1.19655381092541,0.722775062254365,1.40177578279653,1.50305614381516,1.28634577653114,1.3342444984473,1.49515975739747,1.20710180865942,0.926903304882696
"106",2014-02-28,1.16296624038062,1.37908179996032,1.0754188089551,1.08973618734705,1.31852970656916,1.25290478594607,0.996530567424202,1.23698743618484,1.25999633510731,1.19249617057327,1.19354401995349,1.25957630499827,1.21892819963187,0.743707375203423,1.42374409944426,1.52572336275501,1.309012995471,1.35672013349026,1.51772196401286,1.22947619736588,0.949570523822549
"107",2014-03-31,1.16744323619316,1.38383082889137,1.07955198310413,1.09431761910155,1.32315482571824,1.26436459186487,1.00091784483648,1.24110646763072,1.26413610567124,1.1966359411372,1.19768379051742,1.2637160755622,1.23038800555068,0.747424316305572,1.42766196832513,1.52947855495259,1.31276818766858,1.36045620014013,1.52181488531155,1.24093600328468,0.953216405247434
"108",2014-04-30,1.17624384373288,1.39287072396505,1.08880069445179,1.10343701684851,1.33200569345669,1.2968438484105,1.00961717362816,1.24549914523917,1.2689609864344,1.20070135099184,1.20174920037206,1.26854095632536,1.26286726209631,0.753243461881276,1.43290227147609,1.53589533518663,1.31918496790262,1.36607703063873,1.52839400285252,1.27341525983031,0.95894396554533
"109",2014-05-31,1.19392952225217,1.4102477302323,1.10663915333104,1.12139781375928,1.34900841133442,1.30840078828078,1.02904192502407,1.25629273244425,1.27985595523236,1.211279052819,1.21232690219922,1.27943592512332,1.27442420196658,0.764179940723423,1.44364050718289,1.54612428979926,1.32941392251525,1.37663899234402,1.53865396497335,1.28497219970058,0.969880444387477
"110",2014-06-30,1.16323317975199,1.38021446526253,1.07648921584866,1.09064287341896,1.31936341432156,1.2885994409656,0.994538596522364,1.23182437686592,1.25538759965404,1.18681069724067,1.18785854662089,1.25496756954499,1.25462285465141,0.738809746417851,1.41847778422383,1.51904367847349,1.30309193346002,1.35099521826183,1.51217678796013,1.26517085238541,0.9426719875835
"111",2014-07-31,1.16055531155129,1.37760470297105,1.07444407668952,1.08813142403453,1.31694601379038,1.29061674060054,0.992541444238471,1.21990419826097,1.24346742104909,1.17489051863572,1.17593836801594,1.24304739094004,1.25664015428634,0.726889567812902,1.40667609874139,1.50771345443054,1.29172418347326,1.33931610212922,1.50132469060152,1.26718815202035,0.930681505305032
"112",2014-08-31,1.15798930920421,1.37220129989844,1.0720739994698,1.08576134681481,1.31305927364421,1.29962989154881,0.990171367018748,1.21781594338733,1.24180116608148,1.17322426366812,1.17427211304834,1.24138113597244,1.26565330523462,0.7252233128453,1.36052525061915,1.46086037733218,1.2448711063749,1.29307959360167,1.45374466852049,1.27620130296862,0.885061565348295
"113",2014-09-30,1.11655419394514,1.33329791477218,1.03066868084361,1.04435602818862,1.27250003735624,1.26751123279521,0.946590229573863,1.17643400139502,1.2003958474553,1.13181894504193,1.13286679442215,1.19997581734625,1.23353464648101,0.682422452560851,1.32163467926707,1.42122622245153,1.20573373183848,1.25423510548263,1.41409256200276,1.24408264421502,0.845924190811871
"114",2014-10-31,1.13216624348236,1.35083304093897,1.0456094790007,1.06003956116095,1.28782395658459,1.29546564081754,0.963650945084117,1.19381905771878,1.21800643120607,1.14977551630452,1.15014118516562,1.21752497541671,1.26148905450334,0.695777265107361,1.33878441803617,1.4398134872724,1.22403646388283,1.2716552325024,1.43267982682363,1.27203705223734,0.859752321780932
"115",2014-11-30,1.11381445962389,1.33452829056766,1.02677075561299,1.04145768692838,1.27025221970509,1.24986037130807,0.944812221696409,1.17352834614969,1.19747048110499,1.12923956620344,1.12960523506454,1.19698902531563,1.21588378499388,0.67461200994136,1.31973327019898,1.42111192160372,1.20299374284931,1.25178308915131,1.41435326197052,1.22643178272788,0.839030481406117
"116",2014-12-31,1.15498653689782,1.37809366847462,1.06854262081405,1.08159226206477,1.31344284762202,1.26190375221763,0.986584086897468,1.21232892993023,1.23561461361621,1.16834661029338,1.16871227915448,1.23556328241103,1.22792716590343,0.716204416550759,1.36047956251306,1.46185538937614,1.24364762554182,1.29299483517976,1.45422321301883,1.23847516363743,0.88685350245346
"117",2015-01-31,1.23458123453815,1.44327611606342,1.15105365867696,1.16382995106093,1.38477950671635,1.33639932941264,1.05380781592006,1.28133064586892,1.30399001763472,1.23887942057308,1.23924508943418,1.3038258532518,1.30242274309844,0.784414902389211,1.44251762209807,1.54139611584543,1.31972846570523,1.37241463889631,1.53371130812262,1.31297074083245,0.957691512429999
"118",2015-02-28,1.30314910768313,1.49463838942907,1.21889404907343,1.23379265468325,1.43786685272866,1.36706590394105,1.12388184254163,1.34419988520318,1.36789357953967,1.30151613509247,1.30188180395358,1.36756712995543,1.33308931762686,0.855178925418059,1.51678117071778,1.60967053344439,1.3900180477252,1.44549593795145,1.60104918266382,1.34363731536086,1.02855436722014
"119",2015-03-31,1.30318896729244,1.49664452350064,1.21930702464964,1.23433929927562,1.43952207701966,1.35525281730661,1.12018004868031,1.35172363443082,1.37580656358123,1.30918167077136,1.3092973937895,1.37548011399698,1.32127623099241,0.851870303653688,1.51584212856366,1.61024715964417,1.38784546822748,1.44366687199011,1.60053010976236,1.33182422872642,1.02648472567969
"120",2015-04-30,1.22915403098793,1.45922718609951,1.140754544555,1.15600381033608,1.38454108594634,1.34054921054922,1.06339809264122,1.31142028892319,1.33699090167761,1.26528151536175,1.26689903205246,1.3363858602103,1.30657262423502,0.806046409799996,1.48242259388123,1.5865695621296,1.36685972724885,1.41490032231409,1.57735368087327,1.31712062196903,0.980089153326999
"121",2015-05-31,1.15997149129042,1.39726073797446,1.06891176202505,1.08501335347852,1.31963885013123,1.3006031332658,1.0063563925103,1.23596237006841,1.26161157785174,1.19055046419197,1.19199715136622,1.26080214352164,1.2666265469516,0.723483325542979,1.41634967379655,1.5252257844489,1.30450215833825,1.34974866001417,1.51610439346032,1.2771745446856,0.896945500483422
"122",2015-06-30,1.20911680908731,1.44262913264546,1.11795794965881,1.13404357444931,1.3630154990876,1.33878500140329,1.05923148887624,1.26784794416665,1.2943742454432,1.22206881403832,1.2240058012269,1.2935648111131,1.3048084150891,0.763192031382915,1.44529929585459,1.57807901726233,1.3577927723573,1.38466500990637,1.56900616991813,1.3153564128231,0.93784050192185
"123",2015-07-31,1.17097441372843,1.40864825278846,1.08059201519238,1.09566497894916,1.32534034931401,1.25634828735996,1.01929763358482,1.2288947063045,1.25631786517979,1.18273025816916,1.18466724535774,1.25526049671705,1.22237170104576,0.724872524127994,1.42983788171505,1.5561889195257,1.33440815507274,1.36726867947025,1.54656755143831,1.23291969877977,0.895462291420401
"124",2015-08-31,1.13949157096255,1.37812723598432,1.04824197828755,1.06377125626653,1.2957475316198,1.18820330589601,0.980833927243651,1.18439582709115,1.21111253327768,1.13885144233667,1.14058148571265,1.21005516481495,1.15422671958181,0.681069546621192,1.39456302947014,1.51886326989959,1.29511950082306,1.32944888990189,1.50926463403255,1.16477471731582,0.857348995808046
"125",2015-09-30,1.17962304999827,1.41641522390589,1.0869358083907,1.10246508636967,1.33543023966496,1.27196983205592,1.02888755925521,1.22667749532822,1.25399620013696,1.18055861066753,1.18264521830017,1.25253014610165,1.23799324574173,0.728050358044418,1.43345718876417,1.56057439254084,1.33701966642895,1.36924461434886,1.55204675397514,1.24854124347573,0.889844926443145
"126",2015-10-31,1.18499116959905,1.41986511524292,1.09212528731943,1.10786977605597,1.34080123918681,1.27449864014645,1.03138413383465,1.23802880546504,1.26634821905778,1.19149775297204,1.19405323885939,1.26488216502247,1.24052205383225,0.737988879860082,1.44326156703978,1.57004258585645,1.347338923623,1.37852017328773,1.56194047922997,1.25107005156626,0.896402017431403
"127",2015-11-30,1.13674799923928,1.37030137756439,1.04420966874983,1.05995415748637,1.29206156106275,1.19336759444628,0.981081934963081,1.20458703246699,1.23363406857042,1.15719153811914,1.1599710775964,1.23179764423872,1.15939100813209,0.704780445508675,1.39345270480408,1.51972690407113,1.29928610645366,1.33073858925052,1.51162479744464,1.16993900586609,0.847624796539081
"128",2015-12-31,1.09668336127314,1.33128728925724,1.00436687484901,1.02011136358556,1.25291645347996,1.11704897743747,0.941598306237169,1.1713874067891,1.19904097882093,1.12562779603422,1.12795198098102,1.19710020628664,1.08307239112327,0.670297774526934,1.35068740929303,1.47653103839797,1.25473753569327,1.28701245057305,1.46855752678728,1.09362038885728,0.807002506662278
"129",2016-01-31,1.094177650184,1.33342440743628,1.00140143684314,1.01714592557968,1.25397429529753,1.07684845391844,0.934330233975604,1.16304777229595,1.19023724573062,1.11693889786201,1.11944101308204,1.18829647319633,1.04287186760424,0.664563853061579,1.33549589162275,1.461548258615,1.24006580612687,1.27136864707898,1.45375867625301,1.05341986533825,0.796822199504394
"130",2016-02-29,1.1553522037619,1.39587124983434,1.0608806225612,1.07764191660521,1.31470158116019,1.10777708020985,1.00483774934449,1.21854273892348,1.24591259903012,1.17216774906971,1.1748137200511,1.24399381484711,1.07380049389565,0.729555486714379,1.39544403393049,1.52567604342709,1.30193907786169,1.32828883889679,1.51916388254589,1.08434849162966,0.860567915963465
"131",2016-03-31,1.1845918593011,1.42928090107183,1.09396125078076,1.10714769513434,1.34245324796692,1.14246668647107,1.03004733469316,1.23491000497684,1.26256100920497,1.18831167960973,1.19100498749065,1.26064222502196,1.10849010015687,0.748148987792272,1.41745931682667,1.55123264160339,1.32877303024848,1.35193736329562,1.5447968420889,1.11903809789087,0.881920522441416
"132",2016-04-30,1.19904204550862,1.4374543725953,1.1088430246401,1.12174318277027,1.35369458443492,1.14338626197104,1.04696889407086,1.24521821698538,1.27278583618539,1.1981626111169,1.20038080223139,1.27086705200238,1.10940967565684,0.760355566886827,1.40589257496067,1.53760793191318,1.31500597485824,1.34069965700054,1.53005801806687,1.11995767339085,0.872534515372985
"133",2016-05-31,1.15511975406642,1.39499620243508,1.06215699233371,1.0741379938643,1.30833617934091,1.04700585969911,1.01037929398923,1.17988500712095,1.20736119016991,1.13273796510141,1.1349561562159,1.2054424059869,1.01302927338491,0.694930920871344,1.37785674637496,1.5077465150583,1.28429585354542,1.31211412115616,1.49981390629778,1.02357727111892,0.844544327071804
"134",2016-06-30,1.22484044601686,1.46701640824923,1.12829594245672,1.1406044312182,1.37648952168493,1.09893450774547,1.08024573091663,1.25110622295643,1.27870437126841,1.20321940586487,1.20576880414456,1.2767855870854,1.06495792143128,0.766915960972264,1.4524839147695,1.58447357251768,1.36376320719264,1.38466089609926,1.5785054772144,1.07550591916528,0.923149520463306
"135",2016-07-31,1.25015406379142,1.49324291501669,1.15428428585871,1.1684736946711,1.4060702538646,1.11402669220925,1.10102353100679,1.27037852188473,1.29769961166058,1.22250477824657,1.22505417652627,1.29578082747758,1.08005010589505,0.787507332061997,1.47461003954433,1.6087408752533,1.38838491893752,1.4081140335185,1.60314432993916,1.09059810362906,0.944398051302541
"136",2016-08-31,1.2591180647972,1.5015263643978,1.16322842311026,1.17763570518849,1.41489583662139,1.12120829409757,1.10855629097372,1.27067993357374,1.29769716824309,1.22248168180513,1.22503108008482,1.29577838406008,1.08723170778338,0.787264868809942,1.47279145513769,1.60510616523468,1.38425941110816,1.40660079330149,1.59971876639686,1.09777970551738,0.943952810750679
"137",2016-09-30,1.2740168874371,1.53182278451524,1.17549995264754,1.19261570806878,1.43943407899264,1.16265752728793,1.11654964612758,1.28822537733039,1.31372078267096,1.238505296233,1.24105469451269,1.31302013859507,1.12868094097373,0.803030852307893,1.45677788277667,1.5903374990175,1.36882888505738,1.38991661339004,1.5853426503809,1.13922893870774,0.925568803046363
"138",2016-10-31,1.25874416071297,1.51775483527052,1.15924540833306,1.17627642596806,1.42391684960003,1.11288341738269,1.1063759107436,1.27614627566139,1.30040857074102,1.22721342442172,1.22976282270141,1.29934477720803,1.0789068310685,0.793966954014399,1.44397049309756,1.57713566128857,1.358059454254,1.37916800017995,1.57214081265198,1.0894548288025,0.91650490475287
"139",2016-11-30,1.29465495480804,1.55050217335394,1.19541959783761,1.21298632986103,1.45891332778244,1.18929733501096,1.1429005089355,1.31331777741255,1.33763708352796,1.26431149130523,1.26675353162067,1.33645722457752,1.15532074869676,0.83014639037436,1.48386914325377,1.61903039631687,1.40116235555975,1.41943031852816,1.61467708830502,1.16586874643077,0.956898115319304
"140",2016-12-31,1.32575803590131,1.58293088719005,1.22717105296302,1.24544295908848,1.49168714268166,1.18535175962108,1.16718288188843,1.3373379465178,1.3606358347607,1.28866422222618,1.29119317522678,1.36020599706154,1.15137517330688,0.853543377411562,1.51339946540694,1.64627577567965,1.4260515570778,1.44804062322983,1.64158174019553,1.16192317104089,0.981753932368006
"141",2017-01-31,1.34485737177814,1.60835458078643,1.24517832619711,1.26424738624367,1.51524016791684,1.21114828569128,1.18254769132721,1.3575653312256,1.38010706269733,1.3099960980235,1.31302465383906,1.37966936679705,1.17717169937708,0.865995607279532,1.53448947274828,1.66813172600603,1.44724556944183,1.46951675381177,1.66336076705703,1.18771969711108,1.00330219140037
"142",2017-02-28,1.36446972499274,1.62457844927465,1.26339684316341,1.28385173719181,1.53177062250399,1.30610934378609,1.20163418817616,1.378361954881,1.40284690666604,1.33178921949997,1.33397922800287,1.40148512422961,1.27213275747189,0.881470066202921,1.560240310464,1.69863769268622,1.47297387954472,1.49379208204809,1.69378883044366,1.2826807552059,1.03009047787272
"143",2017-03-31,1.35496717974871,1.62375113726161,1.25175937000279,1.2710334638434,1.52326133989733,1.33028040578809,1.21506517870809,1.38378447843945,1.40810009093036,1.33473856891247,1.33832724585619,1.40702725850145,1.29630381947389,0.901096828227669,1.57238836854762,1.71301988200853,1.48672994125486,1.50792646583466,1.70788502697847,1.30685181720789,1.04480019828743
"144",2017-04-30,1.35670200385028,1.63167713190218,1.25233856117405,1.27041968618671,1.52754743598409,1.34560359195294,1.22599485113584,1.38882172335961,1.41576604833676,1.33708755800278,1.34133508335691,1.41350468212303,1.31162700563874,0.905419964645947,1.57642874020199,1.72052809728873,1.49416571481272,1.51257507655672,1.71600712055569,1.32217500337275,1.051759583918
"145",2017-05-31,1.32451755770386,1.60177144171056,1.21670794040092,1.23530667960397,1.4937158895911,1.30557601842352,1.20126338391192,1.36059727745269,1.38724813600807,1.3077683982025,1.31296877710429,1.38531939231205,1.27159943210933,0.876242549470764,1.55703459024265,1.70229435110831,1.4754408044173,1.49401647296235,1.69755847464718,1.28214742984333,1.01992456239133
"146",2017-06-30,1.35959969851975,1.62900624395787,1.25428898129112,1.2758273702024,1.5324596420563,1.31110047582335,1.21918170953656,1.39407610419111,1.41724172255437,1.34799523221947,1.35047321664426,1.41710727066305,1.27712388950916,0.888909429781228,1.56498195730562,1.70795029275414,1.48081408702097,1.50242327176546,1.70316980974431,1.28767188724316,1.0313398966455
"147",2017-07-31,1.35840431429309,1.62729208366275,1.25342638469999,1.27450992176886,1.53071641177076,1.29179973964019,1.2179589351494,1.41606295477994,1.44142185661452,1.37270262032926,1.37466807046898,1.43963476591804,1.25782315332599,0.900382968817468,1.56875474836609,1.71152446910817,1.48436003860513,1.50686590532961,1.70672987371341,1.26837115106,1.0366707949185
"148",2017-08-31,1.34809902426691,1.62191262671947,1.24296214993993,1.26302005300448,1.52132527209771,1.29976129117182,1.21029492174359,1.40684308534302,1.43246850134613,1.36308061749382,1.36534018528059,1.43064120451319,1.26578470485762,0.891169370391009,1.56437621653784,1.71113443371798,1.48397000321494,1.50395894918376,1.70633983832322,1.27633270259162,1.02877140292062
"149",2017-09-30,1.3614867454256,1.63466411268323,1.25682179834678,1.27719885044136,1.53419603982795,1.31343946869915,1.22165560858716,1.41935603657321,1.44500742339009,1.37489704426867,1.37791056619077,1.44272837424742,1.27946288238495,0.901990761436088,1.57609684463586,1.72356682200737,1.49445045748264,1.51500709117763,1.71851506984543,1.29001088011896,1.03862173099113
"150",2017-10-31,1.36312784999799,1.63812806277672,1.25782928308651,1.27794770460651,1.5361863743353,1.283744025168,1.22453563908995,1.42576392398066,1.4473501572541,1.38174559067382,1.38475911259592,1.44718760125507,1.24976743885381,0.909247931138051,1.5783757388379,1.72874339315205,1.49680882397317,1.51690963688898,1.7236916409901,1.26031543658781,1.04074219459941
"151",2017-11-30,1.37431944795318,1.64644847551851,1.26926363026975,1.28937020997957,1.54630718126441,1.26737935869312,1.23599221608634,1.43529434823202,1.45703275545106,1.39142818887078,1.39444171079288,1.45687019945203,1.23340277237893,0.918930529335011,1.58692161094313,1.73612031389616,1.50575100659726,1.52557566813135,1.73119480376825,1.24395077011293,1.05139089590957
"152",2017-12-31,1.40821375512404,1.68394955565115,1.3019699369021,1.32236371688076,1.581502631419,1.30796116392045,1.26618875512187,1.46902441260336,1.49185116573611,1.42414210950866,1.42715563143076,1.49134548945415,1.27398457760625,0.954873138048181,1.62540878262244,1.77074535882368,1.54270359982705,1.56425771792037,1.76542030548073,1.28453257534026,1.09315123978433
"153",2018-01-31,1.40052066731718,1.67924828531698,1.29192226742459,1.31296782301833,1.5738346749053,1.24948150116271,1.25844129838896,1.4617104737809,1.48453500991225,1.41682595368481,1.41983947560691,1.48398834301201,1.21550491484851,0.945305949667386,1.61820774360032,1.76614316325407,1.53854339449493,1.55736941607881,1.76103910502987,1.22605291258252,1.08348835881051
"154",2018-02-28,1.40720890761758,1.6864936489892,1.29816985618312,1.3191538459882,1.58040028935403,1.22510222219519,1.26400809591849,1.47078291627601,1.49278933598534,1.42662986581766,1.42941526161012,1.49208961524745,1.191125635881,0.952710957243668,1.62489100455023,1.77200017227668,1.54459761515882,1.56390854362364,1.76669001046622,1.201673633615,1.09057470229368
"155",2018-03-31,1.42314967549236,1.70070700137816,1.31485156917772,1.3358814319457,1.59621304175109,1.26470465576882,1.27910136470661,1.49355346314288,1.5137443367849,1.451240263581,1.45383387889946,1.51370834923788,1.23072806945463,0.974166111887823,1.64033915539494,1.78981956331424,1.56059121122739,1.57948924265922,1.78220977670018,1.24127606718863,1.10748603526272
"156",2018-04-30,1.42061376884316,1.69711948770012,1.31173805269824,1.33241609100078,1.59217026649231,1.21309456924745,1.2770691781337,1.4891479820395,1.5095729530868,1.4464683369352,1.44904972391077,1.50953696553979,1.17911798293326,0.972467171284967,1.63873669101942,1.787401196693,1.55817284460615,1.57817914798015,1.77979141007894,1.18966598066726,1.10602971418593
"157",2018-05-31,1.45417170366216,1.73000366902625,1.34574630253572,1.36617316307532,1.62535660912029,1.22970227040561,1.31285204200794,1.51614006946363,1.53839070936577,1.47675393372728,1.47753057102589,1.5364100151586,1.19572568409141,0.996586785089407,1.67213386766862,1.81277166757635,1.58354331548949,1.60966487457521,1.8051777538481,1.20627368182542,1.14145390132367
"158",2018-06-30,1.46996057198071,1.74818609282169,1.36145010855435,1.38187696909395,1.64221658728668,1.25547466224639,1.32830854089186,1.51271012375605,1.53775931008536,1.47253640564803,1.47331304294664,1.53398555147877,1.2214980759322,0.996289681500282,1.67296976427072,1.81415913522476,1.58559280404383,1.61083355610101,1.80689623194947,1.2320460736662,1.14240105386109
"159",2018-07-31,1.46578156904972,1.74103189133444,1.35799228759403,1.37840494731609,1.63669444914101,1.20769683730937,1.32445976735135,1.51467482925066,1.5399579420957,1.47359657575943,1.47405178433896,1.53634807531302,1.17372025099517,0.999301763228148,1.6727616866757,1.8174673322536,1.58890100107267,1.6121726816096,1.80961534013834,1.18426824872918,1.14190248690202
"160",2018-08-31,1.44405727095085,1.72154487446117,1.33845920092432,1.3555703148094,1.61354780325657,1.20664360726884,1.30546304199427,1.499021199885,1.52675243062685,1.45296258967079,1.45341779825032,1.52302473255207,1.17266702095464,0.986455560980948,1.66312018832852,1.8078001746172,1.57989919054127,1.60241001663616,1.80039157893412,1.18321501868865,1.12993152820804
"161",2018-09-30,1.38129021745783,1.65911204039425,1.27607492293862,1.29250975599477,1.54906616879766,1.15384888727129,1.24368513833377,1.43954561912448,1.46632697748663,1.39312410065997,1.39325027450208,1.46315637573645,1.11987230095709,0.926255043364233,1.60821871676084,1.7502905811629,1.52356687691689,1.54781683418594,1.74289475589274,1.1304202986911,1.07272618376303
"162",2018-10-31,1.40486071715974,1.68187221330085,1.30002665167931,1.31540392261304,1.57003261099976,1.1745044441738,1.2705090921631,1.45808384796429,1.48621634703261,1.41198119869801,1.41251365762232,1.4821806443134,1.1405278578596,0.941540438377269,1.62477767871076,1.766584948521,1.54008526428711,1.56339706104988,1.75976916909832,1.15107585559361,1.08515540700135
"163",2018-11-30,1.38047708579247,1.65597167300152,1.27518020597553,1.29055747690925,1.54275695236326,1.11531220503326,1.24932565958161,1.43471808783509,1.46546818197347,1.38871996872406,1.38901388706335,1.46124871988923,1.08133561871906,0.91832840700849,1.6004072532309,1.74313525983031,1.50404165643139,1.53376314481535,1.73274703103075,1.09188361645307,1.07114744029973
"164",2018-12-31,1.41219994656952,1.68541607159575,1.30796976328421,1.32364280882053,1.57165126324514,1.1758281104945,1.30150996914055,1.46691938294952,1.49813164619311,1.42111180197452,1.42140572031381,1.49377636862428,1.14185152418031,0.970512716567431,1.648970030979,1.79440459434681,1.55790656722911,1.58423517223432,1.78582718190054,1.15239952191431,1.11796042793961
"165",2019-01-31,1.45239820935069,1.72525957508514,1.34793715874505,1.36402337722318,1.61235396874968,1.20022993403222,1.33596953186733,1.50307617313371,1.53422245151947,1.45690057667198,1.45767137388894,1.53019303751386,1.16625334771802,1.00279307327752,1.67827835950992,1.82099228538114,1.58687055542805,1.61403965114483,1.81263959192173,1.17680134545203,1.14940571051412
"166",2019-02-28,1.43911760263578,1.71258191134264,1.33483725669301,1.35092347517115,1.59832287182351,1.19619872049463,1.32361568038187,1.48786271078846,1.51865718391803,1.44085072720024,1.4416215244172,1.51438547897727,1.16222213418044,0.991243673238169,1.67219462322383,1.81523570191737,1.58029506059686,1.60776585828854,1.80677717978003,1.17277013191444,1.13924908682999
"167",2019-03-31,1.45099240054511,1.72450767375908,1.34703661155221,1.36360418643211,1.61024863423994,1.23194429278872,1.33449255299048,1.50001326291179,1.5318557347831,1.45321226004839,1.45398305726535,1.52709795283034,1.19796770647452,1.00380565336057,1.6843562615038,1.82632066808584,1.59091767892504,1.61931751931334,1.81792971395203,1.20851570420853,1.15442913482168
"168",2019-04-30,1.43684432707316,1.71041751723659,1.33299811305121,1.34956568793111,1.59634845419796,1.17276310904056,1.31909420570671,1.48426278909157,1.51678426934152,1.43784674230462,1.43839419519989,1.51165731139668,1.13878652272636,0.987937493400797,1.66679336762937,1.81082379328864,1.57535591177541,1.60198527299135,1.80178923481571,1.14933452046037,1.13788726393047
"169",2019-05-31,1.43559923479637,1.70692628115397,1.33129336368519,1.34786093856508,1.5939951506281,1.19437520174773,1.3174059384392,1.48034273097451,1.51286421122446,1.43392668418756,1.43447413708283,1.50773725327962,1.16039861543353,0.981270186993419,1.66113225441918,1.80601891439585,1.57060298445934,1.59658772161544,1.79701033171128,1.17094661316754,1.13062229620925
"170",2019-06-30,1.42842258071731,1.70219570108084,1.32325646862862,1.33982404350851,1.58736829123017,1.16961112278914,1.31794693022418,1.47249378728093,1.5049954555543,1.42605792851741,1.42660538141267,1.49986849760946,1.13563453647495,0.979308157773267,1.65450765362375,1.79891309346093,1.5665228387835,1.59116046057654,1.79057301360781,1.14618253420895,1.12884192638405
"171",2019-07-31,1.42000732956507,1.69396796466868,1.31389556557344,1.33022557318692,1.57762248910517,1.15198771298254,1.3140718981025,1.46518010595806,1.49693243290854,1.41799490587164,1.41854235876691,1.4918054749637,1.11801112666835,0.975663641618729,1.65342108778345,1.79909558618972,1.56643857772581,1.5902055144705,1.79092677386701,1.12855912440235,1.12838419685296
"172",2019-08-31,1.42569298191072,1.69949838636088,1.31922990899245,1.33560816900717,1.5843569882048,1.20097263277231,1.31761460512122,1.47095365153032,1.50291378906567,1.42358880809762,1.42413626099289,1.49751995582368,1.16699604645812,0.981832240255499,1.65424587279274,1.79799933178548,1.5684079717661,1.59185596435298,1.79037428986427,1.17754404419212,1.12926027330035
"173",2019-09-30,1.44011347358286,1.71671195010396,1.33159023034057,1.34757042421551,1.59848144716657,1.20236808429754,1.33059279462928,1.47984097867821,1.51470372740528,1.43537874643723,1.4359261993325,1.50869991554749,1.16839149798334,0.985887255897024,1.66458594429987,1.81036438974991,1.58125605960018,1.60285891578881,1.8027108413577,1.17893949571735,1.14296393305298
"174",2019-10-31,1.44176380760562,1.71936390830791,1.33272180264902,1.34852874030415,1.59953042304717,1.21257602380605,1.33511690712429,1.48215053740109,1.51473185285302,1.43540687188497,1.43601170218842,1.51074637467734,1.17859943749185,0.989343934505269,1.67415191591438,1.82147351483893,1.59074236035217,1.61229742527252,1.81291215875805,1.18914743522585,1.15261790109482
"175",2019-11-30,1.44128878244148,1.71885349807222,1.33063079319807,1.34615637085585,1.59874860053755,1.23366244332192,1.33202311487476,1.48193749252017,1.51450320026836,1.43604709861249,1.43621748925985,1.51051772209269,1.19968585700773,0.990169652102806,1.68516024475424,1.83371510638178,1.60196059685912,1.62303587249494,1.82512813611174,1.21023385474173,1.15903272577494
"176",2019-12-31,1.43996801978615,1.71759830053198,1.33018288923029,1.34530499839194,1.59728677068322,1.2146765805293,1.33181978665792,1.48402742497442,1.51617296316613,1.43805764280497,1.43818302711475,1.51218748499045,1.1806999942151,0.99418208294705,1.68975658833587,1.84202296428544,1.6086521209806,1.62783252510983,1.8327605705693,1.19124799194911,1.16013285364647
"177",2020-01-31,1.40223477089794,1.67991051769067,1.29214266315358,1.30570629341831,1.56046913395052,1.14585644277915,1.29866634684541,1.4466772951374,1.47740144009723,1.39928611973608,1.39993998027803,1.47341596192156,1.11187985646495,0.959495088975712,1.64849481172825,1.80068391671857,1.56449102084613,1.58552554409067,1.79026911715314,1.12242785419896,1.12541256633405
"178",2020-02-29,1.25440380726644,1.52547825261841,1.15463408803139,1.1622324923793,1.41060268230049,0.923713163984512,1.15129390057892,1.29591049087097,1.32582862121499,1.24744276723377,1.24820008159264,1.32165589280336,0.889736577670315,0.813868316637797,1.51510760256882,1.65819353416299,1.42575585276223,1.45076435193348,1.64693141942422,0.90028457540432,1.00201820425303
"179",2020-03-31,1.39265438230606,1.65376531126462,1.29873279222446,1.30348317189727,1.53888243797433,0.943888821177017,1.26501421237021,1.35891123786857,1.38334853610405,1.31090992532484,1.3115041601713,1.38277834195865,0.909912234862821,0.885958650708199,1.59573221478902,1.73624100759333,1.47733527746659,1.51764592537162,1.71830614824017,0.920460232596826,1.08720648976208
"180",2020-04-30,1.39090282107858,1.64812100457393,1.29903512668828,1.30108615852638,1.53593371372536,0.969053896401662,1.26405407553519,1.35569607023194,1.38039014282167,1.30928741571239,1.30937890581923,1.37979159252186,0.935077310087465,0.878557542677844,1.59782810862218,1.73741428485381,1.47478407874023,1.51801109101517,1.7184699292154,0.94562530782147,1.08662932928009
"181",2020-05-31,1.65583501749551,1.90948744961499,1.56266434617622,1.56358399079088,1.80103889312035,0.988063253457076,1.5362281626477,1.49578088262514,1.51976459738552,1.44884485048991,1.44885431775573,1.51928389659024,0.954086667142879,1.08186329567469,1.72402366225868,1.80583463452249,1.54122617562308,1.61815008004663,1.79931681651666,0.964634664876885,1.2876411053967
"182",2020-06-30,1.66538478751822,1.92010539292586,1.57180855474543,1.57325668225721,1.81100705204246,0.939110076370954,1.54580239058909,1.526739200412,1.55118774741112,1.47970589474874,1.47998694763212,1.55041652646663,0.905133490056757,1.1150376893085,1.753993523781,1.83254947965301,1.56946579970392,1.64786497236031,1.82797879920597,0.915681487790762,1.32149626087716
"183",2020-07-31,1.67310431564798,1.92954749830958,1.58073404549597,1.58149057403067,1.81862640196092,0.952501779480273,1.55432959871033,1.5594361159147,1.58351056579661,1.512291182737,1.5127072850259,1.58285229690112,0.918525193166077,1.1487320940288,1.79365080675723,1.87161473449988,1.60784875231602,1.68706068919897,1.86751566716201,0.929073190900082,1.3608224397076
"184",2020-08-31,1.67754809333436,1.93425277293673,1.58484037202712,1.58548510046908,1.82346655324845,0.916215115825241,1.56013823026183,1.56194099475325,1.58602749050226,1.51480810744265,1.51522420973155,1.58536922160677,0.882238529511044,1.15243396215494,1.80130531582151,1.88025932653069,1.61645542864026,1.69482926376677,1.87571711374003,0.892786527245049,1.36947327256946
"185",2020-09-30,1.64479037388769,1.90206803083297,1.55202489888751,1.55298499284739,1.79063778158224,0.876849975947997,1.52676380332691,1.52686074686768,1.55077927330916,1.47955989024955,1.47997599253845,1.55020153502708,0.8428733896338,1.11888015913656,1.76734304181293,1.84556519273687,1.58195070656419,1.66081650519065,1.84160964930503,0.853421387367805,1.33685975685661
"186",2020-10-31,1.79206231269814,2.05012967247761,1.70107207234682,1.70153940039936,1.93714996673262,1.12865550861135,1.67047352939095,1.66485208892079,1.68890603021732,1.6176866471577,1.6181027494466,1.68832829193524,1.09467892229715,1.25405686225892,1.90468159972192,1.98232911471783,1.71868940540413,1.79807319307894,1.97887894876383,1.10522692003116,1.47362367883757
"187",2020-11-30,1.80130735928095,2.05908756991511,1.71085452240551,1.71174794888347,1.94575084031818,1.12825935327082,1.67721869392867,1.6697424017109,1.69329252956781,1.62280685175517,1.62322295404407,1.692951209507,1.09428276695662,1.25917706685638,1.91025072164702,1.98792215575784,1.72403241646738,1.80354121913057,1.98447198980384,1.10483076469063,1.479477588682
"188",2020-12-31,1.82877081209913,2.08826855255388,1.73873894287154,1.74007017709786,1.97322038417481,1.08909513021779,1.70220742116834,1.68263455154462,1.70713316804,1.63664749022736,1.63668881916706,1.70611435609457,1.05511854390359,1.27301770532857,1.92267312947944,2.00093874831954,1.73708258603742,1.81616978821019,1.99708377037929,1.0656665416376,1.4918166725904
"189",2021-01-31,1.7916717375668,2.05043743265217,1.70204813779457,1.70345303644492,1.93566705141385,1.14935939061096,1.66512448249855,1.63493889006546,1.65947741712626,1.58899173931362,1.58903306825332,1.65841148215438,1.11538280429676,1.22522877041432,1.87440267504342,1.95263455786178,1.6885115812313,1.76777057339195,1.94881796273523,1.12593080203077,1.44366465466973
"190",2021-02-28,1.84768061616722,2.10656868701573,1.75682442097811,1.75890680521847,1.99181165746622,1.19252048483588,1.71303401774165,1.69197164327789,1.71526166736686,1.64477598955421,1.64533968768545,1.71507417335568,1.15854389852168,1.28276990257632,1.92789623295584,2.00551283637714,1.74142549517241,1.82113943353229,2.0021690051627,1.16909189625569,1.49748846100931
"191",2021-03-31,1.83602625557375,2.09977743774804,1.74598173446652,1.74745948031286,1.98100040958138,1.21990976222516,1.70617539394582,1.69272334409912,1.71565213879681,1.64583198300222,1.6462504141356,1.71557792319059,1.18593317591096,1.28131711963153,1.91580189655134,1.99326958920901,1.72940982995877,1.80903586440921,1.99001462634377,1.19648117364497,1.48569224445817
"192",2021-04-30,1.84401060859598,2.10870362643771,1.7528941055526,1.75553721613144,1.98979108074797,1.25778842253429,1.71677264804591,1.70725128038486,1.73606864207981,1.65986192771715,1.66028035885054,1.73274577328974,1.22381183622009,1.29512299004077,1.93230551677851,2.01221791390972,1.74479207081084,1.82473712213606,2.0074668751455,1.2343598339541,1.50465048700086
"193",2021-05-31,1.83106475575795,2.0925730373739,1.73945878041083,1.74137810791537,1.9770127240632,1.22196988901432,1.71084075828322,1.6959258352015,1.72387940210798,1.64780505771653,1.64822348884992,1.72124630383738,1.18799330270012,1.28372282197695,1.92012961299423,2.00158662159807,1.73507849963955,1.81346345876268,1.99570137513207,1.19854130043413,1.49242581895542
"194",2021-06-30,1.83385808146777,2.09686150760698,1.74193971114285,1.74265356818889,1.98025942557367,1.20547553486993,1.7124422906475,1.69525701905912,1.72460386383061,1.64698143292248,1.64739986405587,1.72119672230167,1.17149894855574,1.27822552587468,1.91877874773445,2.0015465236294,1.73503840167089,1.81236383384893,1.99509480602912,1.18204694628974,1.49145769029234
"195",2021-07-31,1.84253186420826,2.10348477314771,1.75131936365164,1.75183861526515,1.98762174565781,1.22517416555277,1.72499266388615,1.70647069772775,1.73581754249923,1.65819511159111,1.6586135427245,1.73241040097029,1.19119757923858,1.28781591041557,1.92899444693574,2.01138220274256,1.74625830614408,1.82280092656537,2.00506917317709,1.20174557697258,1.50307413805345
"196",2021-08-31,1.82048365365068,2.08318846253673,1.72933838165774,1.72949165703413,1.96690098319249,1.21948838718498,1.7070642536719,1.69779579286923,1.72799911178871,1.64942504293837,1.64984347407176,1.72411615128867,1.18551180087078,1.27725315449344,1.92190959534469,2.00621754016149,1.7405389707759,1.81629393349876,1.99862891523457,1.19605979860479,1.49530521907762
"197",2021-09-30,1.8272701233443,2.08826368437213,1.73403236965147,1.73580837269458,1.9732768346749,1.24920547237183,1.71430777299831,1.70944045125289,1.74024779827772,1.66100258708811,1.66142101822149,1.73602926660804,1.21522888605764,1.28710101554137,1.93265245695781,2.01476170743525,1.74894493035727,1.8265210803651,2.00897723550209,1.22577688379164,1.50428108757053
"198",2021-10-31,1.79293763679284,2.05556931773877,1.69990045878447,1.70189592742077,1.94009510460744,1.16611588343545,1.67995749465043,1.67712835138139,1.70822364889531,1.62854713815086,1.62865442800094,1.70378957414146,1.13213929712126,1.24983133859158,1.896854519517,1.97931242635052,1.71349564927255,1.79006714021255,1.97307529031911,1.14268729485526,1.46971201110645
"199",2021-11-30,1.81670546012995,2.07792669886633,1.72244208680961,1.72443755544591,1.96407106558279,1.21532663520671,1.71173180630255,1.7020537755488,1.73362049275196,1.65380137923221,1.65390866908229,1.72888130223573,1.18135004889251,1.27402297023861,1.92832272604138,2.01129962172742,1.74621681439377,1.82283257594275,2.00440110777168,1.19189804662652,1.50095550120751
"200",2021-12-31,1.81036990634026,2.07184878368985,1.71636417163313,1.71806396066939,1.95778835028051,1.20373582496734,1.70508747521436,1.70720418405745,1.73900633434309,1.65871103150006,1.65905641601178,1.7345313859457,1.16975923865314,1.27395173179473,1.92488511660482,2.00740020367089,1.74349303562604,1.81998218508254,2.00072192059852,1.18030723638714,1.4959962529629
"201",2022-01-31,1.81164260126449,2.07038793933712,1.71807801603973,1.71948178623542,1.95816390193383,1.18822407357352,1.70582152559204,1.7076847512699,1.7396718503739,1.65900664989415,1.65935203440587,1.73519690197652,1.15424748725933,1.27213168418466,1.92758326599004,2.00911721585421,1.74598906036044,1.82268537122735,2.00303560046779,1.16479548499333,1.49825700139112
"202",2022-02-28,1.82441861217869,2.08649278011888,1.73276874380234,1.73347580031191,1.97158735404269,1.18420239875137,1.71615865882165,1.72947711096245,1.76138615990533,1.68072031947634,1.68124604045981,1.75691089153332,1.15022581243717,1.29267327918272,1.93196524232406,2.02200148725376,1.76166446312635,1.83033443760077,2.01072263947184,1.16077381017118,1.49956608488833
"203",2022-03-31,1.82061252853235,2.0812525077727,1.72774127103625,1.72833302984366,1.96817454121327,1.20067355863953,1.71643731786865,1.72698211012726,1.76103920988375,1.6776755853317,1.67820130631517,1.75556499307165,1.16669697232534,1.29120619990555,1.94001777267744,2.02962271500731,1.76947762987199,1.8385807089801,2.01842615201978,1.17724497005934,1.50855614250871
"204",2022-04-30,1.82994975973852,2.09229272443451,1.73814395015506,1.73915462230112,1.97738606146068,1.23181213865931,1.72573329653374,1.74192047879651,1.77573852445342,1.69313493695847,1.69362719935432,1.7703145522422,1.19783555234511,1.30936539316119,1.95728922207997,2.04639330119681,1.78758154839425,1.85668462750237,2.0349203999537,1.20838355007912,1.52746130611197
"205",2022-05-31,1.79100303961129,2.0495840278488,1.69826153509864,1.70052070127791,1.93736619227233,1.14676442870196,1.69009245781068,1.70243311848795,1.73674423247176,1.65351728885507,1.6540717355589,1.73103730792003,1.11278784238776,1.26678175148032,1.92511356292695,2.01468054391954,1.75452314469061,1.82382517598697,2.00313306506578,1.12333584012176,1.49169874648182
"206",2022-06-30,1.79253784309494,2.05169109931117,1.69938619636398,1.70181337984858,1.93960553167122,1.15386433345374,1.69376935041924,1.69676125825818,1.73222193262289,1.64861637433323,1.64891599219143,1.72595379840577,1.11988774713955,1.25938264441417,1.91542553160458,2.00315186685483,1.74375961914106,1.81388155118192,1.99312733497093,1.13043574487355,1.4844840384298
"207",2022-07-31,1.78384961051027,2.0411369528346,1.68769175542121,1.69121093837719,1.93183343648767,1.12074841045182,1.68944707605515,1.68461475981087,1.71977814380785,1.63617258551819,1.63647220337638,1.71389457300864,1.08677182413762,1.24802140302901,1.89916812915042,1.9861740200412,1.72623504852955,1.79700624536848,1.9764418379415,1.09731982187163,1.47204601656444
"208",2022-08-31,1.71790299823745,1.97429200564419,1.62104604829503,1.62593687671213,1.8652050840975,1.05489833417355,1.61892645303815,1.6239961422818,1.66007762036799,1.57647206207833,1.57647373499456,1.65360581440356,1.02092174785935,1.18322895549704,1.84341702256933,1.93076033489125,1.67063585987523,1.7424807443251,1.9199552946015,1.03146974559335,1.42208238507482
"209",2022-09-30,1.7342233793828,1.9599579623322,1.61177320951296,1.62618696705818,1.87519030043549,1.13494668772556,1.65104525864415,1.65642465355537,1.69073358045002,1.60789525793865,1.60839307654515,1.68594761133267,1.10097010141136,1.21974651535156,1.88221203103352,1.97275654745713,1.71451563954462,1.78347433298641,1.95987276250323,1.11151809914536,1.45272221935458
"210",2022-10-31,1.79602757294327,2.03759845094382,1.68697539101627,1.69467257292613,1.93813239552066,1.18606215247922,1.68943674886309,1.70615528247927,1.74708881122209,1.65934637729896,1.66046316806641,1.73782926136864,1.15208556616502,1.25603778393055,1.91667831913583,1.99950465949106,1.74255775662807,1.81629339600245,1.99121567427905,1.16263356389902,1.48782418586655
"211",2022-11-30,1.78680413100006,2.02370776781494,1.67652512812966,1.6851062971228,1.92742765897927,1.17002755055582,1.67926071180196,1.72064796292318,1.76355712647604,1.67443633368031,1.67596207994051,1.75329862002811,1.13605096424162,1.26212443271281,1.92742127435585,2.01029131967873,1.75103529807264,1.82609583842729,2.0021256637891,1.14659896197563,1.50368532230145
"212",2022-12-31,1.83646095954594,2.07401358094643,1.72628856947907,1.73486973847221,1.97724719905977,1.2678390279753,1.7288191930455,1.7662915510331,1.81123164943557,1.71922175604378,1.72170185639754,1.7998039445725,1.2338624416611,1.3091061675819,2.05065140760843,2.13409911453026,1.86966166776893,1.94634289820351,2.12593345864064,1.2444104393951,1.63557386580063
"213",2023-01-31,1.86480872058917,2.10547063407369,1.76031589024237,1.76772424506702,2.00475319367165,1.30775485810315,1.74743569958879,1.77716929135309,1.82259274680555,1.73008408012917,1.73293613660205,1.81082036176234,1.27377827178895,1.32024582806114,2.05840878642457,2.14195926434349,1.87686915541013,1.95368664864258,2.13361982875771,1.28432626952296,1.64489498655036
"214",2023-02-28,1.81790165606712,2.05534185247289,1.70191995939122,1.71144684264733,1.96219615667429,1.29050030590134,1.72107997399096,1.75636804560912,1.79998065310746,1.70973524846617,1.71148424815328,1.78977098579646,1.25652371958715,1.2945517993058,2.03416793701554,2.12017500253805,1.85431271107189,1.93002945565207,2.11069226831762,1.26707171732115,1.62075356292182
